Author,Title,Content,URL,Subreddit,Post Date,Upvotes,Comments Count,Sentiment,Sentiment Score,Has Complaint,Collected At
Conscious-Date9335,Eletricidade - Gold vs Endesa,"Boa noite, 

Tenho Gold Energy contratada e até agora tinha a campanha amigo que me dava desconto, essa campanha agora acabou e estou a ver se existem opções mais baratas.

Até agora vi a Endesa e Iberdrola que têm bons preços, mas a diferença é pouca. Algumas sugestões ou truques de poupança que aconselhem?",https://reddit.com/r/portugal/comments/1t5qlja/eletricidade_gold_vs_endesa/,portugal,2026-05-06T21:31:52.000Z,1,9,Positive,4.000,No,2026-06-01T08:24:49.409Z
Quiet_Top2129,"Na vossa opinião, a EDP consegue resolver os problemas mais rápido dos seus clientes por via da e-redes?","O título é bastante ""self explanatory"". Faço a pergunta porque com base em alguns relatos que recolhi..que ainda devem ir para as dezenas, existe uma % razoável de pessoas que acha que isto é verdade. Não estou a perguntar se é legal, ou ético -  a primeira não seria, de acordo com as leis anti-monopolio, e a e-redes foi criada precisamente para incentivar a concorrência entre operadores. (E a admiração da EDP cometer um crime e os tribunais se estarem a borrifar é -1 de 0 a 100). A parte da eti",https://reddit.com/r/portugal/comments/1tlt9lg/na_vossa_opinião_a_edp_consegue_resolver_os/,portugal,2026-05-23T21:49:56.000Z,0,21,Negative,-2.000,Yes,2026-06-01T08:24:49.409Z
Left_Capital133,Radar e Oxigénio sem emissão há 2 dias devido a puxadas de eletricidade ilegais em Almada,,https://reddit.com/r/portugal/comments/1tc27op/radar_e_oxigénio_sem_emissão_há_2_dias_devido_a/,portugal,2026-05-13T15:00:45.000Z,213,59,Neutral,0.000,No,2026-06-01T08:24:49.409Z
lpcalcada,Ajuda para identificar caixa num poste de eletricidade.,"Olá a todos.

Se este post estiver no sub-reddit errado removerei o mesmo logo que receba indicação. Procurei e, não encontrei nenhum sub-reddit apropriado. Caso haja algum melhor... digam-me e eu apago o tópico até antes dos mods virem isto. 🙂

Conseguem ajudar-me a identificar o que é esta caixa branca que colocaram no poste junto ao muro da minha casa?

A Digi anda a fibrar a minha aldeia mas, moro num local onde poucas casas ( umas 30 ) não têm as ligações de internet ""enterradas"".

Obrigad",https://reddit.com/r/portugal/comments/1t6ayug/ajuda_para_identificar_caixa_num_poste_de/,portugal,2026-05-07T13:43:31.000Z,0,15,Negative,-2.000,No,2026-06-01T08:24:49.410Z
passosk58,Preço da eletricidade pode subir mais de 32% até ao verão,"[https://executivedigest.sapo.pt/preco-da-eletricidade-pode-subir-mais-de-32-ate-ao-verao/?utm\_source=SAPO\_HP&utm\_medium=web&utm\_campaign=destaques#goog\_rewarded](https://executivedigest.sapo.pt/preco-da-eletricidade-pode-subir-mais-de-32-ate-ao-verao/?utm_source=SAPO_HP&utm_medium=web&utm_campaign=destaques#goog_rewarded)

  
Combustiveis fosseis - caro! -> transição energética -> caro também!",https://reddit.com/r/portugal/comments/1t656xy/preço_da_eletricidade_pode_subir_mais_de_32_até/,portugal,2026-05-07T09:16:33.000Z,8,19,Positive,2.000,No,2026-06-01T08:24:49.410Z
BeautifulEducation91,Dificuldade no Contrato de Eletricidade,"Olá Portugal!

Decidi arrendar um apartamento e ia mudar-me amanhã (domingo, dia 3).   
A data de início do contrato foi ontem dia 1, mas deram-me a chave na última segunda-feira, assim como o certificado energético e assinatura do contrato de arrendamento, para poder começar a fazer algumas mudanças e tratar dos contratos.   
A EPAL deu alguma luta, mas já foi; a DIGI foi muito intuitiva e já estou só a aguardar o técnico ir lá a casa e agora é o tema da eletricidade.   
Estive de segunda a qua",https://reddit.com/r/portugal/comments/1t1kmh9/dificuldade_no_contrato_de_eletricidade/,portugal,2026-05-02T08:57:51.000Z,3,9,Positive,2.000,No,2026-06-01T08:24:49.410Z
Flimsy_Pea5735,Potência contratada na fatura vs. real - AVISO,"**TL;DR: confirmem na app da e-redes que a potência contratada está consistente com a que vos aparece na fatura do distribuidor de eletricidade.**  
  
Por volta de setembro, pedi aumento da potência de eletricidade na app da Galp de 5,75 para 6,9kVA, a seguir recebi o e-mail a confirmar a alteração e passou a ser efetivado nas faturas. Uns tempos depois, reparei que o quadro continuava a ir abaixo nas mesmas condições. Fui à app da E-Redes tentar perceber em que horário isso acontecia e afinal ",https://reddit.com/r/portugal/comments/1tjhelr/potência_contratada_na_fatura_vs_real_aviso/,portugal,2026-05-21T11:19:12.000Z,23,12,Neutral,0.000,No,2026-06-01T08:24:49.410Z
Left_Capital133,Tempestades custam 50 milhões à EDP. Fatura está a ser passada aos clientes,,https://reddit.com/r/portugal/comments/1t7gowi/tempestades_custam_50_milhões_à_edp_fatura_está_a/,portugal,2026-05-08T18:39:19.000Z,71,30,Neutral,0.000,No,2026-06-01T08:24:49.410Z
